Column1,source,actual,dr,total_len,keywords,textonly_len,numonly_len,tt_ratio,nt_ratio,height,width,channels,area,ta_ratio,na_ratio,white_pix,black_pix,wb_ratio,bw_ratio
40,ChartExtraction_Output/filter_1_wrong/page78_0_1.png,WRONG,14,4,0,4,0,1.00,0.00,467,1537,3,717779,0.56,0.00,42188,675591,0.06,16.01
156,ChartExtraction_Output/filter_1_wrong/page28_0_1.png,WRONG,15,25,0,25,1,1.04,0.04,467,1534,3,716378,3.63,0.14,43233,673145,0.06,15.57
114,ChartExtraction_Output/filter_1_wrong/page40_0_1.png,WRONG,10,33,0,25,3,0.91,0.15,467,1546,3,721982,4.16,0.69,29847,692135,0.04,23.19
116,ChartExtraction_Output/filter_1_wrong/page50_0_1.png,WRONG,13,13,0,12,2,1.00,0.15,467,1546,3,721982,1.80,0.28,36923,685059,0.05,18.55
172,ChartExtraction_Output/filter_1_wrong/page20_0_1.png,WRONG,9,25,0,22,0,1.00,0.00,468,1407,3,658476,3.80,0.00,23979,634497,0.04,26.46
138,ChartExtraction_Output/filter_1_wrong/page93_0_19.png,WRONG,24,116,2,82,3,0.97,0.07,667,1654,3,1103218,10.15,0.73,107662,995556,0.11,9.25
179,ChartExtraction_Output/filter_1_wrong/page42_0_1.png,WRONG,12,13,0,13,1,1.00,0.08,468,1546,3,723528,1.80,0.14,35689,687839,0.05,19.27
149,ChartExtraction_Output/filter_1_wrong/page32_0_5.png,WRONG,21,92,4,39,33,0.58,0.52,759,1500,3,1138500,4.66,4.22,94423,1044077,0.09,11.06
162,ChartExtraction_Output/filter_1_wrong/page88_0_1.png,WRONG,10,24,0,21,2,0.96,0.17,468,1597,3,747396,3.08,0.54,31937,715459,0.04,22.40
63,ChartExtraction_Output/filter_1_wrong/page60_0_1.png,WRONG,14,14,0,12,2,0.86,0.14,471,1537,3,723927,1.66,0.28,40971,682956,0.06,16.67
158,ChartExtraction_Output/filter_1_wrong/page56_a_1.png,WRONG,16,16,0,15,0,1.00,0.00,512,1654,3,846848,1.89,0.00,53499,793349,0.07,14.83
188,ChartExtraction_Output/filter_1_wrong/page99_0_2.png,WRONG,19,10,0,9,1,0.90,0.10,518,1654,3,856772,1.05,0.12,66195,790577,0.08,11.94
67,ChartExtraction_Output/filter_1_wrong/page135_0_1.png,WRONG,11,25,0,21,5,0.88,0.24,521,1654,3,861734,2.55,0.70,38152,823582,0.05,21.59
95,ChartExtraction_Output/filter_1_wrong/page37_0_3.png,WRONG,20,168,7,85,35,0.89,0.27,964,1654,3,1594456,9.34,2.88,129378,1465078,0.09,11.32
164,ChartExtraction_Output/filter_1_wrong/page52_0_4.png,WRONG,9,29,0,23,3,0.90,0.10,547,1342,3,734074,3.54,0.41,28486,705588,0.04,24.77
45,ChartExtraction_Output/filter_1_wrong/page35_a_2 2.png,WRONG,13,5,0,5,0,1.00,0.00,555,1042,3,578310,0.86,0.00,31208,547102,0.06,17.53
30,ChartExtraction_Output/filter_1_wrong/page15_b_1.png,WRONG,5,4,0,3,1,0.75,0.25,555,1573,3,873015,0.34,0.11,20393,852622,0.02,41.81
33,ChartExtraction_Output/filter_1_wrong/page3_a_1.png,WRONG,5,4,0,4,0,1.00,0.00,560,1420,3,795200,0.50,0.00,18207,776993,0.02,42.68
46,ChartExtraction_Output/filter_1_wrong/page7_0_1.png,WRONG,13,9,0,8,1,0.89,0.11,572,1654,3,946088,0.85,0.11,51263,894825,0.06,17.46
65,ChartExtraction_Output/filter_1_wrong/page79_0_2.png,WRONG,17,20,0,18,1,0.95,0.05,580,959,3,556220,3.42,0.18,37383,518837,0.07,13.88
111,ChartExtraction_Output/filter_1_wrong/page50_a_3.png,WRONG,13,37,0,22,7,0.81,0.24,590,1654,3,975860,3.07,0.92,52027,923833,0.06,17.76
147,ChartExtraction_Output/filter_1_wrong/page8_0_13.png,WRONG,11,65,0,52,1,0.98,0.05,595,1510,3,898450,7.12,0.33,38785,859665,0.05,22.16
135,ChartExtraction_Output/filter_1_wrong/page22_0_20.png,WRONG,10,16,0,13,2,0.81,0.19,595,972,3,578340,2.25,0.52,24887,553453,0.04,22.24
154,ChartExtraction_Output/filter_1_wrong/page37_b_2.png,WRONG,6,5,0,5,0,1.00,0.00,596,934,3,556664,0.90,0.00,13604,543060,0.03,39.92
160,ChartExtraction_Output/filter_1_wrong/page37_b_1.png,WRONG,6,9,0,9,0,1.00,0.00,596,1680,3,1001280,0.90,0.00,25990,975290,0.03,37.53
72,ChartExtraction_Output/filter_1_wrong/page22_0_13.png,WRONG,14,46,0,40,1,1.00,0.04,598,1147,3,685906,6.71,0.29,38736,647170,0.06,16.71
58,ChartExtraction_Output/filter_1_wrong/page12_0_3.png,WRONG,15,38,0,32,2,0.92,0.08,598,1207,3,721786,4.85,0.42,44499,677287,0.07,15.22
94,ChartExtraction_Output/filter_1_wrong/page22_0_15.png,WRONG,13,28,0,25,1,1.00,0.04,600,1013,3,607800,4.61,0.16,32883,574917,0.06,17.48
132,ChartExtraction_Output/filter_1_wrong/page22_0_18.png,WRONG,12,27,0,22,3,0.89,0.11,601,1017,3,611217,3.93,0.49,28914,582303,0.05,20.14
66,ChartExtraction_Output/filter_1_wrong/page21_b_18.png,WRONG,12,32,0,24,3,0.88,0.13,601,1871,3,1124471,2.49,0.36,56045,1068426,0.05,19.06
181,ChartExtraction_Output/filter_1_wrong/page20_0_11.png,WRONG,15,51,0,38,7,0.84,0.16,601,1027,3,617227,6.97,1.30,37617,579610,0.06,15.41
157,ChartExtraction_Output/filter_1_wrong/page129_0_2.png,WRONG,4,9,0,9,0,1.00,0.00,602,1489,3,896378,1.00,0.00,17325,879053,0.02,50.74
192,ChartExtraction_Output/filter_1_wrong/page70_0_9.png,WRONG,20,71,3,51,8,1.04,0.15,678,1500,3,1017000,7.28,1.08,81804,935196,0.09,11.43
55,ChartExtraction_Output/filter_1_wrong/page49_b_2.png,WRONG,4,5,0,5,0,1.00,0.00,608,933,3,567264,0.88,0.00,10755,556509,0.02,51.74
68,ChartExtraction_Output/filter_1_wrong/page49_b_1.png,WRONG,6,9,0,9,0,1.00,0.00,608,1681,3,1022048,0.88,0.00,25644,996404,0.03,38.86
103,ChartExtraction_Output/filter_1_wrong/page13_0_20.png,WRONG,20,138,4,86,25,0.86,0.31,619,1654,3,1023826,11.62,4.20,82077,941749,0.09,11.47
105,ChartExtraction_Output/filter_1_wrong/page48_a_4.png,WRONG,20,76,2,65,1,0.99,0.01,827,879,3,726933,10.32,0.14,58137,668796,0.09,11.50
32,ChartExtraction_Output/filter_1_wrong/page21_b_20.png,WRONG,10,26,0,18,3,0.85,0.15,612,2092,3,1280304,1.72,0.31,52168,1228136,0.04,23.54
97,ChartExtraction_Output/filter_1_wrong/page2_b_2.png,WRONG,13,86,0,58,2,0.98,0.08,613,1654,3,1013902,8.28,0.69,54588,959314,0.06,17.57
88,ChartExtraction_Output/filter_1_wrong/page7_0_14.png,WRONG,19,175,5,127,18,0.92,0.20,651,1654,3,1076754,14.95,3.25,83039,993715,0.08,11.97
167,ChartExtraction_Output/filter_1_wrong/page28_0_3.png,WRONG,18,58,3,48,8,0.91,0.19,685,1032,3,706920,7.50,1.56,52385,654535,0.08,12.49
93,ChartExtraction_Output/filter_1_wrong/page21_b_3.png,WRONG,8,16,0,16,1,1.00,0.06,621,1962,3,1218402,1.31,0.08,41580,1176822,0.04,28.30
159,ChartExtraction_Output/filter_1_wrong/page20_0_17.png,WRONG,11,26,0,18,5,0.81,0.19,624,964,3,601536,3.49,0.83,27219,574317,0.05,21.10
39,ChartExtraction_Output/filter_1_wrong/page9_b_2.png,WRONG,11,49,0,40,1,0.98,0.02,629,932,3,586228,8.19,0.17,26423,559805,0.05,21.19
35,ChartExtraction_Output/filter_1_wrong/page70_0_7.png,WRONG,18,74,3,55,8,0.99,0.15,672,1500,3,1008000,7.24,1.09,73811,934189,0.08,12.66
80,ChartExtraction_Output/filter_1_wrong/page90_b_2.png,WRONG,5,6,0,6,0,1.00,0.00,633,1059,3,670347,0.90,0.00,14231,656116,0.02,46.10
89,ChartExtraction_Output/filter_1_wrong/page9_a_2.png,WRONG,12,35,0,32,0,1.00,0.03,636,921,3,585756,5.98,0.17,29318,556438,0.05,18.98
100,ChartExtraction_Output/filter_1_wrong/page62_0_5.png,WRONG,18,109,2,76,9,0.91,0.17,873,968,3,845064,11.72,2.13,60436,784628,0.08,12.98
174,ChartExtraction_Output/filter_1_wrong/page89_0_1.png,WRONG,27,51,0,41,3,0.96,0.06,639,1654,3,1056906,4.64,0.28,112063,944843,0.12,8.43
183,ChartExtraction_Output/filter_1_wrong/page35_a_2.png,WRONG,15,60,0,50,1,1.00,0.03,642,1654,3,1061868,5.65,0.19,65578,996290,0.07,15.19
195,ChartExtraction_Output/filter_1_wrong/page116_0_6.png,WRONG,17,169,6,110,22,0.91,0.18,735,1654,3,1215690,12.59,2.55,85286,1130404,0.08,13.25
123,ChartExtraction_Output/filter_1_wrong/page67_0_7.png,WRONG,17,85,5,65,8,0.93,0.15,845,1500,3,1267500,6.23,1.03,86122,1181378,0.07,13.72
82,ChartExtraction_Output/filter_1_wrong/page27_0_24.png,WRONG,8,27,0,22,3,0.85,0.22,649,863,3,560087,4.11,1.07,19013,541074,0.04,28.46
150,ChartExtraction_Output/filter_1_wrong/page71_b_2.png,WRONG,6,7,0,7,0,1.00,0.00,650,880,3,572000,1.22,0.00,14407,557593,0.03,38.70
71,ChartExtraction_Output/filter_1_wrong/page21_b_5.png,WRONG,13,31,0,27,1,1.00,0.03,650,1934,3,1257100,2.47,0.08,68364,1188736,0.06,17.39
161,ChartExtraction_Output/filter_1_wrong/page98_0_1.png,WRONG,11,64,0,52,8,0.94,0.17,650,1654,3,1075100,5.58,1.02,47607,1027493,0.05,21.58
189,ChartExtraction_Output/filter_1_wrong/page44_b_2.png,WRONG,4,5,0,5,0,1.00,0.00,651,933,3,607383,0.82,0.00,10755,596628,0.02,55.47
112,ChartExtraction_Output/filter_1_wrong/page89_b_4.png,WRONG,13,33,0,27,2,0.97,0.06,651,1544,3,1005144,3.18,0.20,52403,952741,0.06,18.18
176,ChartExtraction_Output/filter_1_wrong/page44_b_1.png,WRONG,7,16,0,14,0,1.00,0.13,651,1681,3,1094331,1.46,0.18,33938,1060393,0.03,31.25
125,ChartExtraction_Output/filter_1_wrong/page35_0_23.png,WRONG,17,135,1,105,10,0.92,0.14,726,1654,3,1200804,10.33,1.58,81028,1119776,0.07,13.82
42,ChartExtraction_Output/filter_1_wrong/page102_0_1.png,WRONG,11,28,1,24,2,0.96,0.07,468,1558,3,729144,3.70,0.27,33062,696082,0.05,21.05
155,ChartExtraction_Output/filter_1_wrong/page53_0_2.png,WRONG,11,63,4,53,2,0.97,0.05,532,1654,3,879928,6.93,0.34,39079,840849,0.05,21.52
76,ChartExtraction_Output/filter_1_wrong/page165_b_1.png,WRONG,10,5,0,5,0,1.00,0.00,665,1049,3,697585,0.72,0.00,29574,668011,0.04,22.59
87,ChartExtraction_Output/filter_1_wrong/page165_b_2.png,WRONG,9,9,0,9,0,1.00,0.00,665,1696,3,1127840,0.80,0.00,43082,1084758,0.04,25.18
144,ChartExtraction_Output/filter_1_wrong/page31_b_9.png,WRONG,15,70,2,52,4,0.94,0.09,942,1654,3,1558068,4.24,0.39,94432,1463636,0.06,15.50
96,ChartExtraction_Output/filter_1_wrong/page21_0_46.png,WRONG,14,67,2,53,6,0.94,0.10,1023,1515,3,1549845,4.06,0.45,91040,1458805,0.06,16.02
134,ChartExtraction_Output/filter_1_wrong/page32_a_8.png,WRONG,16,137,2,83,1,1.01,0.04,740,1654,3,1223960,11.27,0.41,78004,1145956,0.07,14.69
115,ChartExtraction_Output/filter_1_wrong/page50_0_11.png,WRONG,15,166,9,91,9,0.93,0.08,1161,1076,3,1249236,12.41,1.12,78378,1170858,0.07,14.94
15,ChartExtraction_Output/filter_1_correct/page50_0_3.png,CORRECT,9,112,5,62,6,0.94,0.07,1033,1700,3,1756100,5.98,0.46,68150,1687950,0.04,24.77
13,ChartExtraction_Output/filter_1_correct/page50_0_10.png,CORRECT,14,155,6,85,3,0.98,0.04,1161,1032,3,1198152,12.69,0.50,69916,1128236,0.06,16.14
128,ChartExtraction_Output/filter_1_wrong/page72_0_9.png,WRONG,7,34,1,27,7,0.88,0.24,1228,1292,3,1586576,1.89,0.50,44661,1541915,0.03,34.52
133,ChartExtraction_Output/filter_1_wrong/page32_b_51.png,WRONG,11,107,1,72,3,0.98,0.07,805,1654,3,1331470,7.89,0.53,62403,1269067,0.05,20.34
69,ChartExtraction_Output/filter_1_wrong/page84_0_1.png,WRONG,10,29,1,25,3,0.93,0.14,468,1597,3,747396,3.61,0.54,31068,716328,0.04,23.06
168,ChartExtraction_Output/filter_1_wrong/page17_a_16.png,WRONG,15,87,0,31,14,0.57,0.43,684,1654,3,1131336,4.42,3.27,69068,1062268,0.07,15.38
152,ChartExtraction_Output/filter_1_wrong/page31_b_8.png,WRONG,10,78,2,45,5,0.95,0.09,781,1654,3,1291774,5.73,0.54,53766,1238008,0.04,23.03
11,ChartExtraction_Output/filter_1_correct/page19_0_20.png,CORRECT,8,20,3,17,3,0.85,0.20,786,865,3,679890,2.50,0.59,21386,658504,0.03,30.79
6,ChartExtraction_Output/filter_1_correct/page23_0_11.png,CORRECT,15,56,3,34,8,0.82,0.18,998,1654,3,1650692,2.79,0.61,98901,1551791,0.06,15.69
110,ChartExtraction_Output/filter_1_wrong/page40_a_3.png,WRONG,11,47,0,37,3,0.94,0.09,686,1040,3,713440,6.17,0.56,30961,682479,0.05,22.04
180,ChartExtraction_Output/filter_1_wrong/page155_b_2.png,WRONG,6,11,0,10,0,1.00,0.18,693,1695,3,1174635,0.94,0.17,29725,1144910,0.03,38.52
191,ChartExtraction_Output/filter_1_wrong/page155_b_1.png,WRONG,7,13,0,10,3,0.92,0.46,693,1050,3,727650,1.65,0.82,22301,705349,0.03,31.63
107,ChartExtraction_Output/filter_1_wrong/page152_b_2.png,WRONG,6,10,0,10,1,1.00,0.10,694,1695,3,1176330,0.85,0.09,31106,1145224,0.03,36.82
98,ChartExtraction_Output/filter_1_wrong/page152_b_1.png,WRONG,8,12,0,10,4,0.92,0.42,694,1050,3,728700,1.51,0.69,23287,705413,0.03,30.29
106,ChartExtraction_Output/filter_1_wrong/page15_a_14.png,WRONG,21,108,0,36,25,0.69,0.31,701,1654,3,1159454,6.47,2.85,95681,1063773,0.09,11.12
52,ChartExtraction_Output/filter_1_wrong/page33_0_15.png,WRONG,16,78,0,56,4,0.97,0.05,703,1500,3,1054500,7.21,0.38,67750,986750,0.07,14.56
126,ChartExtraction_Output/filter_1_wrong/page11_a_39.png,WRONG,13,64,0,47,11,0.83,0.20,712,726,3,516912,10.25,2.51,26656,490256,0.05,18.39
117,ChartExtraction_Output/filter_1_wrong/page82_0_2.png,WRONG,15,80,1,63,3,0.96,0.09,665,1654,3,1099910,7.00,0.64,68547,1031363,0.07,15.05
92,ChartExtraction_Output/filter_1_wrong/page89_b_2.png,WRONG,4,6,0,6,0,1.00,0.00,717,1059,3,759303,0.79,0.00,14231,745072,0.02,52.36
0,ChartExtraction_Output/filter_1_correct/page70_0_12.png,CORRECT,8,61,4,36,9,0.92,0.26,1329,1654,3,2198166,2.55,0.73,71024,2127142,0.03,29.95
130,ChartExtraction_Output/filter_1_wrong/page69_b_2.png,WRONG,4,7,0,7,0,1.00,0.00,719,880,3,632720,1.11,0.00,11483,621237,0.02,54.10
131,ChartExtraction_Output/filter_1_wrong/page157_b_1.png,WRONG,7,6,0,6,0,1.00,0.00,723,1050,3,759150,0.79,0.00,22884,736266,0.03,32.17
121,ChartExtraction_Output/filter_1_wrong/page157_b_2.png,WRONG,6,9,0,9,0,1.00,0.00,723,1695,3,1225485,0.73,0.00,30649,1194836,0.03,38.98
127,ChartExtraction_Output/filter_1_wrong/page168_b_1.png,WRONG,7,5,0,5,0,1.00,0.00,724,1049,3,759476,0.66,0.00,21027,738449,0.03,35.12
118,ChartExtraction_Output/filter_1_wrong/page168_b_2.png,WRONG,6,9,0,9,0,1.00,0.00,724,1696,3,1227904,0.73,0.00,29946,1197958,0.02,40.00
143,ChartExtraction_Output/filter_1_wrong/page32_a_13.png,WRONG,13,61,2,38,10,0.87,0.18,865,1654,3,1430710,3.70,0.77,77329,1353381,0.06,17.50
61,ChartExtraction_Output/filter_1_wrong/page141_b_1.png,WRONG,7,5,0,5,0,1.00,0.00,727,1050,3,763350,0.66,0.00,21799,741551,0.03,34.02
48,ChartExtraction_Output/filter_1_wrong/page141_b_2.png,WRONG,6,9,0,9,0,1.00,0.00,727,1695,3,1232265,0.73,0.00,30374,1201891,0.03,39.57
22,ChartExtraction_Output/filter_1_correct/page34_0_51.png,CORRECT,10,50,4,36,4,0.88,0.14,867,1030,3,893010,4.93,0.78,37528,855482,0.04,22.80
62,ChartExtraction_Output/filter_1_wrong/page151_b_1.png,WRONG,7,6,0,6,0,1.00,0.00,735,1050,3,771750,0.78,0.00,22884,748866,0.03,32.72
47,ChartExtraction_Output/filter_1_wrong/page151_b_2.png,WRONG,6,9,0,9,0,1.00,0.00,735,1695,3,1245825,0.72,0.00,30621,1215204,0.03,39.69
73,ChartExtraction_Output/filter_1_wrong/page45_0_5.png,WRONG,15,62,2,49,7,0.89,0.13,619,1554,3,961926,5.72,0.83,56952,904974,0.06,15.89
171,ChartExtraction_Output/filter_1_wrong/page53_0_23.png,WRONG,13,89,2,53,6,0.92,0.10,648,1654,3,1071792,7.65,0.84,57679,1014113,0.06,17.58
12,ChartExtraction_Output/filter_1_correct/page19_0_10.png,CORRECT,13,105,5,77,7,0.95,0.09,887,1098,3,973926,10.27,0.92,51317,922609,0.06,17.98
136,ChartExtraction_Output/filter_1_wrong/page11_a_28.png,WRONG,12,55,0,23,10,0.58,0.42,741,885,3,655785,4.88,3.51,31025,624760,0.05,20.14
137,ChartExtraction_Output/filter_1_wrong/page11_a_29.png,WRONG,6,29,0,14,10,0.55,0.48,741,847,3,627627,2.55,2.23,16948,610679,0.03,36.03
75,ChartExtraction_Output/filter_1_wrong/page11_a_27.png,WRONG,12,46,0,21,10,0.54,0.50,741,738,3,546858,4.57,4.21,27074,519784,0.05,19.20
17,ChartExtraction_Output/filter_1_correct/page19_0_16.png,CORRECT,9,71,4,44,7,0.90,0.13,882,1101,3,971082,6.59,0.93,37191,933891,0.04,25.11
142,ChartExtraction_Output/filter_1_wrong/page12_0_29.png,WRONG,14,147,3,95,23,0.90,0.23,716,1654,3,1184264,11.23,2.87,68007,1116257,0.06,16.41
44,ChartExtraction_Output/filter_1_wrong/page47_0_1.png,WRONG,8,67,11,40,13,0.94,0.22,913,1654,3,1510102,4.17,0.99,52774,1457328,0.04,27.61
5,ChartExtraction_Output/filter_1_correct/page92_0_17.png,CORRECT,7,51,2,30,19,0.80,0.37,1112,1654,3,1839248,2.23,1.03,54752,1784496,0.03,32.59
140,ChartExtraction_Output/filter_1_wrong/page156_b_1.png,WRONG,5,9,0,8,2,0.89,0.33,760,1050,3,798000,1.00,0.38,16584,781416,0.02,47.12
9,ChartExtraction_Output/filter_1_correct/page19_0_4.png,CORRECT,11,113,4,63,12,0.89,0.14,842,1733,3,1459186,6.92,1.10,67230,1391956,0.05,20.70
41,ChartExtraction_Output/filter_1_wrong/page32_0_10.png,WRONG,12,43,5,31,11,0.84,0.35,910,1500,3,1365000,2.64,1.10,66101,1298899,0.05,19.65
185,ChartExtraction_Output/filter_1_wrong/page25_0_25.png,WRONG,17,205,0,140,9,0.96,0.09,767,1654,3,1268618,15.45,1.50,84942,1183676,0.07,13.94
85,ChartExtraction_Output/filter_1_wrong/page10_0_63.png,WRONG,13,75,0,63,9,0.89,0.24,768,1654,3,1270272,5.27,1.42,67025,1203247,0.06,17.95
70,ChartExtraction_Output/filter_1_wrong/page83_0_13.png,WRONG,11,91,0,38,9,0.85,0.15,774,1654,3,1280196,6.01,1.09,55333,1224863,0.05,22.14
193,ChartExtraction_Output/filter_1_wrong/page48_b_112.png,WRONG,15,114,6,68,8,0.93,0.11,648,1654,3,1071792,9.89,1.12,63266,1008526,0.06,15.94
37,ChartExtraction_Output/filter_1_wrong/page159_b_1.png,WRONG,5,6,0,6,0,1.00,0.00,775,1050,3,813750,0.74,0.00,16584,797166,0.02,48.07
53,ChartExtraction_Output/filter_1_wrong/page91_0_20.png,WRONG,15,38,0,24,0,1.00,0.00,779,1654,3,1288466,2.95,0.00,76720,1211746,0.06,15.79
148,ChartExtraction_Output/filter_1_wrong/page42_0_19.png,WRONG,14,193,2,105,23,0.89,0.18,742,1654,3,1227268,14.01,2.77,67915,1159353,0.06,17.07
139,ChartExtraction_Output/filter_1_wrong/page78_b_2.png,WRONG,4,7,0,7,0,1.00,0.00,783,880,3,689040,1.02,0.00,11483,677557,0.02,59.01
7,ChartExtraction_Output/filter_1_correct/page92_0_9.png,CORRECT,13,59,1,33,16,0.80,0.29,879,1654,3,1453866,3.23,1.17,77252,1376614,0.06,17.82
20,ChartExtraction_Output/filter_1_correct/page84_0_20.png,CORRECT,10,96,5,61,12,0.92,0.15,789,1457,3,1149573,7.66,1.22,49141,1100432,0.04,22.39
36,ChartExtraction_Output/filter_1_wrong/page149_b_1.png,WRONG,5,9,0,8,2,0.89,0.33,792,1050,3,831600,0.96,0.36,16584,815016,0.02,49.14
163,ChartExtraction_Output/filter_1_wrong/page28_0_2.png,WRONG,16,58,2,48,9,0.88,0.16,685,1030,3,705550,7.23,1.28,46772,658778,0.07,14.08
31,ChartExtraction_Output/filter_1_wrong/page44_0_12.png,WRONG,13,181,7,94,14,0.93,0.17,875,1654,3,1447250,11.61,2.14,76325,1370925,0.06,17.96
50,ChartExtraction_Output/filter_1_wrong/page158_b_1.png,WRONG,5,6,0,6,0,1.00,0.00,799,1050,3,838950,0.72,0.00,16584,822366,0.02,49.59
25,ChartExtraction_Output/filter_1_wrong/page150_b_1.png,WRONG,5,7,0,7,1,1.00,0.14,802,1050,3,842100,0.83,0.12,16584,825516,0.02,49.78
24,ChartExtraction_Output/filter_1_correct/page34_0_52.png,CORRECT,10,51,4,34,7,0.80,0.24,867,1032,3,894744,4.58,1.34,37489,857255,0.04,22.87
182,ChartExtraction_Output/filter_1_wrong/page48_b_111.png,WRONG,14,66,4,35,11,0.85,0.23,651,1654,3,1076754,5.20,1.39,60457,1016297,0.06,16.81
124,ChartExtraction_Output/filter_1_wrong/page33_0_15 2.png,WRONG,6,31,1,18,9,0.58,0.42,718,1264,3,907552,1.98,1.43,21784,885768,0.02,40.66
74,ChartExtraction_Output/filter_1_wrong/page6_b_28.png,WRONG,15,126,3,79,12,0.87,0.14,1176,1028,3,1208928,9.10,1.49,72156,1136772,0.06,15.75
54,ChartExtraction_Output/filter_1_wrong/page11_b_12.png,WRONG,11,66,1,39,15,0.80,0.26,684,1654,3,1131336,4.68,1.50,52452,1078884,0.05,20.57
4,ChartExtraction_Output/filter_1_correct/page49_a_4.png,CORRECT,9,56,2,31,11,0.71,0.32,674,1654,3,1114796,3.59,1.61,39574,1075222,0.04,27.17
16,ChartExtraction_Output/filter_1_correct/page49_0_18.png,CORRECT,15,169,4,79,25,0.89,0.17,1010,1700,3,1717000,8.74,1.63,102608,1614392,0.06,15.73
51,ChartExtraction_Output/filter_1_wrong/page148_b_1.png,WRONG,4,9,0,8,2,0.89,0.33,858,1050,3,900900,0.89,0.33,16584,884316,0.02,53.32
10,ChartExtraction_Output/filter_1_correct/page43_0_11.png,CORRECT,14,61,4,48,7,0.93,0.18,651,1000,3,651000,8.76,1.69,36422,614578,0.06,16.87
2,ChartExtraction_Output/filter_1_correct/page49_a_133.png,CORRECT,5,40,3,18,12,0.70,0.43,608,1565,3,951520,2.94,1.79,22011,929509,0.02,42.23
173,ChartExtraction_Output/filter_1_wrong/page66_0_25.png,WRONG,15,113,5,50,25,0.88,0.23,869,1654,3,1437326,6.89,1.81,85951,1351375,0.06,15.72
186,ChartExtraction_Output/filter_1_wrong/page54_0_69.png,WRONG,13,74,1,62,7,0.96,0.15,741,819,3,606879,11.70,1.81,31024,575855,0.05,18.56
19,ChartExtraction_Output/filter_1_correct/page61_0_21.png,CORRECT,16,90,2,68,9,0.92,0.13,610,1055,3,643550,12.90,1.86,42648,600902,0.07,14.09
99,ChartExtraction_Output/filter_1_wrong/page9_0_8.png,WRONG,11,66,10,38,18,0.86,0.32,665,1654,3,1099910,5.18,1.91,48600,1051310,0.05,21.63
151,ChartExtraction_Output/filter_1_wrong/page3_0_11.png,WRONG,14,105,2,79,13,0.90,0.20,637,1654,3,1053598,8.92,1.99,58450,995148,0.06,17.03
3,ChartExtraction_Output/filter_1_correct/page61_0_38.png,CORRECT,14,134,7,88,14,0.95,0.19,754,1700,3,1281800,9.91,2.03,73807,1207993,0.06,16.37
86,ChartExtraction_Output/filter_1_wrong/page12_b_9.png,WRONG,13,36,1,14,16,0.83,0.50,685,1271,3,870635,3.45,2.07,44815,825820,0.05,18.43
175,ChartExtraction_Output/filter_1_wrong/page117_0_1.png,WRONG,8,63,3,22,27,0.62,0.48,860,1654,3,1422440,2.74,2.11,45703,1376737,0.03,30.12
26,ChartExtraction_Output/filter_1_wrong/page90_b_19.png,WRONG,9,34,0,31,2,0.97,0.12,889,1867,3,1659763,1.99,0.24,61463,1598300,0.04,26.00
77,ChartExtraction_Output/filter_1_wrong/page118_0_2.png,WRONG,6,53,0,36,6,0.91,0.23,908,1654,3,1501832,3.20,0.80,36030,1465802,0.02,40.68
18,ChartExtraction_Output/filter_1_correct/page49_a_62.png,CORRECT,6,40,2,14,11,0.45,0.55,629,1654,3,1040366,1.73,2.11,27176,1013190,0.03,37.28
60,ChartExtraction_Output/filter_1_wrong/page140_b_6.png,WRONG,9,23,1,21,0,1.00,0.00,682,1939,3,1322398,1.74,0.00,48195,1274203,0.04,26.44
113,ChartExtraction_Output/filter_1_wrong/page38_0_46.png,WRONG,7,55,3,38,12,0.84,0.25,941,702,3,660582,6.96,2.12,19593,640989,0.03,32.72
49,ChartExtraction_Output/filter_1_wrong/page49_b_3.png,WRONG,11,25,0,22,0,1.00,0.00,930,1855,3,1725150,1.45,0.00,77821,1647329,0.05,21.17
184,ChartExtraction_Output/filter_1_wrong/page24_0_19.png,WRONG,7,82,1,43,27,0.60,0.40,796,1654,3,1316584,3.72,2.51,38285,1278299,0.03,33.39
14,ChartExtraction_Output/filter_1_correct/page61_0_26.png,CORRECT,16,74,4,48,12,0.84,0.23,604,1057,3,638428,9.71,2.66,42362,596066,0.07,14.07
119,ChartExtraction_Output/filter_1_wrong/page9_0_7.png,WRONG,14,102,13,56,30,0.85,0.34,774,1654,3,1280196,6.80,2.73,74881,1205315,0.06,16.10
84,ChartExtraction_Output/filter_1_wrong/page100_0_4.png,WRONG,14,131,7,84,24,0.85,0.26,749,1654,3,1238846,8.96,2.74,69842,1169004,0.06,16.74
190,ChartExtraction_Output/filter_1_wrong/page42_0_2.png,WRONG,16,59,0,54,0,1.00,0.03,988,1197,3,1182636,4.99,0.17,77655,1104981,0.07,14.23
57,ChartExtraction_Output/filter_1_wrong/page33_b_4.png,WRONG,7,51,2,36,1,0.98,0.04,820,1654,3,1356280,3.69,0.15,41996,1314284,0.03,31.30
1,ChartExtraction_Output/filter_1_correct/page48_b_7.png,CORRECT,10,48,5,19,16,0.73,0.54,679,1328,3,901712,3.88,2.88,38341,863371,0.04,22.52
29,ChartExtraction_Output/filter_1_wrong/page71_0_38.png,WRONG,16,163,0,105,3,0.98,0.06,1021,1654,3,1688734,9.47,0.59,108350,1580384,0.07,14.59
43,ChartExtraction_Output/filter_1_wrong/page85_0_2.png,WRONG,14,118,3,71,30,0.69,0.33,795,1654,3,1314930,6.16,2.97,76584,1238346,0.06,16.17
170,ChartExtraction_Output/filter_1_wrong/page117_0_5.png,WRONG,14,152,6,68,25,0.88,0.26,766,1654,3,1266964,10.58,3.16,73778,1193186,0.06,16.17
81,ChartExtraction_Output/filter_1_wrong/page51_0_19.png,WRONG,14,161,0,111,5,0.99,0.06,1042,1654,3,1723468,9.28,0.52,97390,1626078,0.06,16.70
23,ChartExtraction_Output/filter_1_correct/page48_b_50.png,CORRECT,7,64,5,17,18,0.69,0.63,734,1654,3,1214036,3.62,3.29,37117,1176919,0.03,31.71
21,ChartExtraction_Output/filter_1_correct/page58_0_20.png,CORRECT,14,175,5,79,45,0.69,0.32,930,1654,3,1538220,7.87,3.64,87745,1450475,0.06,16.53
122,ChartExtraction_Output/filter_1_wrong/page36_0_8.png,WRONG,6,30,1,29,0,1.00,0.03,762,1471,3,1120902,2.68,0.09,29852,1091050,0.03,36.55
38,ChartExtraction_Output/filter_1_wrong/page11_b_16.png,WRONG,14,92,1,35,27,0.59,0.53,807,1654,3,1334778,4.05,3.67,77116,1257662,0.06,16.31
166,ChartExtraction_Output/filter_1_wrong/page42_0_5.png,WRONG,16,147,3,68,46,0.67,0.36,808,1654,3,1336432,7.41,3.97,85321,1251111,0.07,14.66
8,ChartExtraction_Output/filter_1_correct/page114_0_8.png,CORRECT,15,174,7,70,50,0.64,0.37,912,1654,3,1508448,7.36,4.31,88924,1419524,0.06,15.96
83,ChartExtraction_Output/filter_1_wrong/page15_a_1.png,WRONG,7,48,0,38,3,0.94,0.08,3306,877,3,2899362,1.55,0.14,89051,2810311,0.03,31.56
146,ChartExtraction_Output/filter_1_wrong/page10_a_1.png,WRONG,8,48,0,38,3,0.94,0.08,3306,877,3,2899362,1.55,0.14,98256,2801106,0.04,28.51
169,ChartExtraction_Output/filter_1_wrong/page168_a_1.png,WRONG,7,46,0,36,3,0.93,0.09,3306,881,3,2912586,1.48,0.14,90986,2821600,0.03,31.01
178,ChartExtraction_Output/filter_1_wrong/page71_a_1.png,WRONG,8,46,0,36,3,0.93,0.09,3306,877,3,2899362,1.48,0.14,93352,2806010,0.03,30.06
90,ChartExtraction_Output/filter_1_wrong/page149_a_1.png,WRONG,7,45,0,34,3,0.93,0.09,3306,881,3,2912586,1.44,0.14,85530,2827056,0.03,33.05
79,ChartExtraction_Output/filter_1_wrong/page140_a_1.png,WRONG,7,45,0,35,3,0.93,0.09,3306,881,3,2912586,1.44,0.14,87385,2825201,0.03,32.33
56,ChartExtraction_Output/filter_1_wrong/page17_a_1.png,WRONG,7,44,0,34,3,0.93,0.09,3306,877,3,2899362,1.41,0.14,89097,2810265,0.03,31.54
64,ChartExtraction_Output/filter_1_wrong/page21_a_1.png,WRONG,7,44,0,34,3,0.93,0.09,3306,877,3,2899362,1.41,0.14,88657,2810705,0.03,31.70
102,ChartExtraction_Output/filter_1_wrong/page148_a_1.png,WRONG,7,44,0,34,3,0.93,0.09,3306,881,3,2912586,1.41,0.14,87681,2824905,0.03,32.22
109,ChartExtraction_Output/filter_1_wrong/page151_a_1.png,WRONG,7,44,0,34,3,0.93,0.09,3306,881,3,2912586,1.41,0.14,90988,2821598,0.03,31.01
153,ChartExtraction_Output/filter_1_wrong/page69_a_1.png,WRONG,8,44,0,34,3,0.93,0.09,3306,877,3,2899362,1.41,0.14,96181,2803181,0.03,29.14
27,ChartExtraction_Output/filter_1_wrong/page165_a_1.png,WRONG,8,43,0,33,3,0.93,0.09,3306,881,3,2912586,1.37,0.14,92812,2819774,0.03,30.38
28,ChartExtraction_Output/filter_1_wrong/page89_a_1.png,WRONG,7,43,0,33,3,0.93,0.09,3306,877,3,2899362,1.38,0.14,89794,2809568,0.03,31.29
34,ChartExtraction_Output/filter_1_wrong/page90_a_1.png,WRONG,8,43,0,33,3,0.93,0.09,3306,877,3,2899362,1.38,0.14,92178,2807184,0.03,30.45
59,ChartExtraction_Output/filter_1_wrong/page152_a_1.png,WRONG,7,43,0,33,3,0.93,0.09,3306,881,3,2912586,1.37,0.14,90461,2822125,0.03,31.20
78,ChartExtraction_Output/filter_1_wrong/page150_a_1.png,WRONG,7,43,0,33,3,0.93,0.09,3306,881,3,2912586,1.37,0.14,83842,2828744,0.03,33.74
91,ChartExtraction_Output/filter_1_wrong/page159_a_1.png,WRONG,7,43,0,33,3,0.93,0.09,3306,881,3,2912586,1.37,0.14,89535,2823051,0.03,31.53
101,ChartExtraction_Output/filter_1_wrong/page158_a_1.png,WRONG,7,43,0,33,3,0.93,0.09,3306,881,3,2912586,1.37,0.14,85383,2827203,0.03,33.11
104,ChartExtraction_Output/filter_1_wrong/page49_a_1.png,WRONG,8,43,0,33,3,0.93,0.09,3306,877,3,2899362,1.38,0.14,93033,2806329,0.03,30.16
108,ChartExtraction_Output/filter_1_wrong/page141_a_1.png,WRONG,7,43,0,33,3,0.93,0.09,3306,881,3,2912586,1.37,0.14,88507,2824079,0.03,31.91
120,ChartExtraction_Output/filter_1_wrong/page109_a_1.png,WRONG,7,43,0,33,3,0.93,0.09,3306,877,3,2899362,1.38,0.14,83395,2815967,0.03,33.77
129,ChartExtraction_Output/filter_1_wrong/page37_a_1.png,WRONG,7,43,0,33,3,0.93,0.09,3306,877,3,2899362,1.38,0.14,90162,2809200,0.03,31.16
141,ChartExtraction_Output/filter_1_wrong/page44_a_1.png,WRONG,8,43,0,33,3,0.93,0.09,3306,877,3,2899362,1.38,0.14,95981,2803381,0.03,29.21
145,ChartExtraction_Output/filter_1_wrong/page155_a_1.png,WRONG,7,43,0,33,3,0.93,0.09,3306,881,3,2912586,1.37,0.14,86833,2825753,0.03,32.54
165,ChartExtraction_Output/filter_1_wrong/page157_a_1.png,WRONG,7,43,0,33,3,0.93,0.09,3306,882,3,2915892,1.37,0.14,85564,2830328,0.03,33.08
177,ChartExtraction_Output/filter_1_wrong/page156_a_1.png,WRONG,7,43,0,33,3,0.93,0.09,3306,882,3,2915892,1.37,0.14,89473,2826419,0.03,31.59
187,ChartExtraction_Output/filter_1_wrong/page78_a_1.png,WRONG,7,43,0,33,3,0.93,0.09,3306,877,3,2899362,1.38,0.14,90476,2808886,0.03,31.05
194,ChartExtraction_Output/filter_1_wrong/page112_a_1.png,WRONG,7,52,0,41,5,0.92,0.15,3306,877,3,2899362,1.66,0.28,89726,2809636,0.03,31.31